<?xml version="1.0" encoding="UTF-8" standalone="yes"?>
<addon id="repository.quicktest" name="Josephs Repo" version="0.0.1" provider-name="soezdb">
	<extension point="xbmc.addon.repository" name="Josephs Repo">
		<dir>
			<info compressed="false">https://raw.githubusercontent.com/noobsandnerds/modules4all/master/zips/addons.xml</info>
			<checksum>https://raw.githubusercontent.com/noobsandnerds/modules4all/master/zips/addons.xml.md5</checksum>
			<datadir zip="true">https://raw.githubusercontent.com/noobsandnerds/modules4all/master/zips/</datadir>
		</dir>
		<info compressed="false">https://raw.githubusercontent.com/soezdb/repository.quicktest/master/zips/addons.xml</info>
		<checksum>https://raw.githubusercontent.com/soezdb/repository.quicktest/master/zips/addons.xml.md5</checksum>
		<datadir zip="true">https://raw.githubusercontent.com/soezdb/repository.quicktest/master/zips/</datadir>
	</extension>
	<extension point="xbmc.addon.metadata">
		<summary lang="en">Test Repo for Kodi one</summary>
		<description lang="en">This is the first Repo for Kodi one</description>
		<genre>movies,trailers,tvshows,uk,usa</genre>
	</extension>
</addon>